{"cameraMode":{"drawMode":0,"name":"Shaded","section":"Shading Mode"},"sceneLighting":false,"audioPlay":false,"sceneViewState":{"showFog":true,"showMaterialUpdate":false,"showSkybox":false,"showFlares":true,"showImageEffects":true,"showParticleSystems":true},"in2DMode":false,"pivot":{"x":0.18176984786987306,"y":2.2979750633239748,"z":0.0037511587142944338},"rotation":{"x":-0.04512246325612068,"y":0.9532616138458252,"z":-0.18086135387420655,"w":-0.23783040046691895},"size":7.808592319488525,"orthographic":true}