{"cameraMode":{"drawMode":0,"name":"Shaded","section":"Shading Mode"},"sceneLighting":true,"audioPlay":false,"sceneViewState":{"showFog":true,"showMaterialUpdate":false,"showSkybox":true,"showFlares":true,"showImageEffects":true,"showParticleSystems":true},"in2DMode":false,"pivot":{"x":-1.039017677307129,"y":4.8331379890441898,"z":-1.908334732055664},"rotation":{"x":-0.0042985244654119019,"y":0.9955980181694031,"z":-0.058618634939193729,"w":-0.0730072408914566},"size":21.529142379760743,"orthographic":false}