{"cameraMode":{"drawMode":0,"name":"Shaded","section":"Shading Mode"},"sceneLighting":false,"audioPlay":false,"sceneViewState":{"showFog":true,"showMaterialUpdate":false,"showSkybox":true,"showFlares":true,"showImageEffects":true,"showParticleSystems":true},"in2DMode":false,"pivot":{"x":-13.345158576965332,"y":25.29143524169922,"z":-7.496131896972656},"rotation":{"x":-0.026365501806139947,"y":0.9638350009918213,"z":-0.24386003613471986,"w":-0.10420727729797363},"size":65.84072875976563,"orthographic":false}