{"cameraMode":{"drawMode":0,"name":"Shaded","section":"Shading Mode"},"sceneLighting":false,"audioPlay":false,"sceneViewState":{"showFog":true,"showMaterialUpdate":false,"showSkybox":true,"showFlares":true,"showImageEffects":true,"showParticleSystems":true},"in2DMode":false,"pivot":{"x":0.000041484832763671875,"y":56.61865997314453,"z":-0.00003528594970703125},"rotation":{"x":0.000002653400542840245,"y":0.9982005953788757,"z":-0.059963494539260867,"w":4.038455472255009e-7},"size":145.3551788330078,"orthographic":true}