{"cameraMode":{"drawMode":0,"name":"Shaded","section":"Shading Mode"},"sceneLighting":true,"audioPlay":false,"sceneViewState":{"showFog":true,"showMaterialUpdate":false,"showSkybox":true,"showFlares":true,"showImageEffects":true,"showParticleSystems":true},"in2DMode":false,"pivot":{"x":0.1835269033908844,"y":2.3352019786834719,"z":0.051318585872650149},"rotation":{"x":0.0007620984106324613,"y":0.992570698261261,"z":-0.1215062066912651,"w":0.006254850886762142},"size":7.352800369262695,"orthographic":true}